outc,n,share
no_access,138288,0.17654786419827165
no_violation,377531,0.4819817462009552
other,28873,0.03686123512522198
pending,926,0.0011821945667563312
referral,63267,0.08077095427102896
violation,174404,0.22265600563776589
